{"cameraMode":{"drawMode":0,"name":"Shaded","section":"Shading Mode"},"sceneLighting":true,"audioPlay":false,"sceneViewState":{"m_AlwaysRefresh":false,"showFog":true,"showSkybox":true,"showFlares":true,"showImageEffects":true,"showParticleSystems":true,"showVisualEffectGraphs":true,"m_FxEnabled":true},"in2DMode":false,"pivot":{"x":584.8861694335938,"y":351.0545349121094,"z":2.3571362495422365},"rotation":{"x":-0.016808416694402696,"y":-0.0069017973728477959,"z":0.00011590995563892648,"w":-0.9998366832733154},"size":376.90887451171877,"orthographic":false}