{"cameraMode":{"drawMode":0,"name":"Shaded","section":"Shading Mode"},"sceneLighting":true,"audioPlay":false,"sceneViewState":{"m_AlwaysRefresh":false,"showFog":true,"showSkybox":true,"showFlares":true,"showImageEffects":true,"showParticleSystems":true,"showVisualEffectGraphs":true,"m_FxEnabled":true},"in2DMode":false,"pivot":{"x":-180.7499237060547,"y":0.8616920113563538,"z":-26.510555267333986},"rotation":{"x":-0.2772609293460846,"y":-0.08203135430812836,"z":0.023766232654452325,"w":-0.9569932222366333},"size":0.38580554723739626,"orthographic":false}